title,company,requirements,salary_from,salary_to,currency,city,employment_type,source
Manual Tester,NoMachine,"English, Linux, Python",4 000,8 000,pln,Wrocław,"Mandate, B2B",justjoinit
.Net MAUI or Xamarin Developer with German language,Kyotu Technology,"Fully remote, .Net, Xamarin, ASP.NET Core",23 520,26 880,pln,Wrocław,B2B,justjoinit
.Net MAUI or Xamarin Team Lead with German language,Kyotu Technology,"Fully remote, .Net, ASP.NET Core, MAUI",26 880,30 240,pln,Wrocław,B2B,justjoinit
Angular Developer with English Language,Kyotu Technology,"Fully remote, Angular",18 480,25 200,pln,Wrocław,B2B,justjoinit
Java Tech Lead,Kyotu Technology,"Fully remote, Java, Spring Boot, JUnit",23 520,25 200,pln,Wrocław,B2B,justjoinit
Java Developer,Kyotu Technology,"Fully remote, Java, Spring Boot, Mockito",20 160,21 840,pln,Wrocław,B2B,justjoinit
Lead Software Engineer,Provident Polska,"Fully remote, T-SQL, C#, Azure DevOps",Nieujawnione,Nieujawnione,Nieujawnione,Warszawa,Permanent,justjoinit
Performance Test Manager,Provident Polska,"Fully remote, C#, SoapUI, Java",Nieujawnione,Nieujawnione,Nieujawnione,Warszawa,Permanent,justjoinit
Senior System Analyst,Provident Polska,"Fully remote, Postman, Swagger, Confluence",Nieujawnione,Nieujawnione,Nieujawnione,Warszawa,Permanent,justjoinit
IT Internal Audit Senior Manager (Group Internal Audit HUB),Provident Polska,"DORA, IT Processes, Audit",Nieujawnione,Nieujawnione,Nieujawnione,Warszawa,Mandate,justjoinit
Process Architect – European role,Provident Polska,"Windows, KPI",Nieujawnione,Nieujawnione,Nieujawnione,Warszawa,Permanent,justjoinit
Junior Fullstack Developer,GreenMinds Sp. z o.o.,"Fully remote, Thymeleaf, PostgreSQL, Spring",18 000,21 000,pln,Warszawa,B2B,justjoinit
Mid Data Engineering Developer,Ligo Headhunters,"Fully remote, English, Azure DevOps, Python",14 000,15 000,pln,Warszawa,Permanent,justjoinit
Project Manager,Infinite Services,"Fully remote, Project Management, Team Management, English",13 000,16 000,pln,Warszawa,B2B,justjoinit
Python Developer,BlockWise,Python,10 000,16 000,pln,Warszawa,B2B,justjoinit
GoLang Backend Developer-100% remote possible,Limango Polska,"Fully remote, Golang, API, AWS",Nieujawnione,Nieujawnione,Nieujawnione,Wrocław,B2B,justjoinit
Senior Test Specialist,emagine Polska,"Fully remote, English, Test Automation, ISTQB Foundation",25 200,32 760,pln,Warszawa,B2B,justjoinit
IT Consultant- GenAI Specialist,Kevin Edward,"Fully remote, AI/ML, AI, Langchain",18 000,25 000,pln,Warszawa,B2B,justjoinit
Senior Data Engineer,Bethink,"Fully remote, SQL, Data Integration, Data Warehousing",23 600,35 300,pln,Poznań,"B2B, Permanent",justjoinit
Oracle Architect,Kevin Edward,"Oracle, DevOps, Architecture",59 804,72 619,pln,Bruksela,B2B,justjoinit
Technical Project Manager (jnr/mid),SmartFrame,"Fully remote, Confluence, Jira, Web Applications",10 000,13 000,pln,Kraków,B2B,justjoinit
Data Engineer (Python),NG Logic,"Fully remote, Python, Databases, SQL",Nieujawnione,Nieujawnione,Nieujawnione,Warszawa,B2B,justjoinit
Senior C++ & Computer Vision developer  | PL AI startup,From Poland With Dev,"Fully remote, WinApi, C++, optimization",22 000,28 000,pln,Kraków,Permanent,justjoinit
Engineering Design Manager,HSBC Service Delivery,"GCP, Kubernetes, CI/CD",Nieujawnione,Nieujawnione,Nieujawnione,Kraków,Permanent,justjoinit
Full Stack Engineer,ActiveCampaign,"AWS, PHP, Python",14 000,18 000,pln,Kraków,Permanent,justjoinit
Lead Fullstack Developer,Flyps,"Fully remote, JavaScript, React, Python",25 000,35 000,pln,Poznań,B2B,justjoinit
Backend Engineer - Retention,LeoVegas,"Java, Kotlin, Microservices",20 000,32 000,pln,Warszawa,"B2B, Permanent",justjoinit
QA Engineer Sports,LeoVegas,"JavaScript, Manual Testing, Automated Testing",19 000,25 000,pln,Warszawa,"B2B, Permanent",justjoinit
DevOps Engineer,Schenker Technology Center Warsaw,"DevOps, Docker, Kubernetes",12 320,15 400,pln,Warszawa,"B2B, Permanent",justjoinit
Java Backend Developer,Kevin Edward,"JSON, PostreSQL, Spring",Nieujawnione,Nieujawnione,Nieujawnione,Warszawa,B2B,justjoinit
Product Support Specialist (Crypto),Match-Trade Technologies,"Customer Support, IT Support, FinTech",8 500,12 500,pln,Poznań,"B2B, Any",justjoinit
SQL Data Engineer,ITLT,"Fully remote, SQL, Data Warehousing, SAS",26 000,30 000,pln,Warszawa,B2B,justjoinit
Java Developer,ITLT,"Java, PostgreSQL, SQL",25 000,27 500,pln,Warszawa,B2B,justjoinit
Mid - Senior Software Engineer (PHP) (Customer Acquisition),Nord Security,"Terraform, Docker, Redis",22 800,32 900,pln,Warszawa,Permanent,justjoinit
Senior Go Engineer,Nord Security,"AWS, Jira, Git",17 100,32 900,pln,Warszawa,Permanent,justjoinit
Mid-Senior PHP Engineer (Web team),Nord Security,"MySQL, Golang, Redis",17 100,32 900,pln,Warszawa,Permanent,justjoinit
VMware Specialist,emagine Polska,"VMware, Scripting",25 200,28 560,pln,Gdańsk,B2B,justjoinit
Systems Engineer,Allegro,"UNIX/LINUX, Cloud, Prometheus",Nieujawnione,Nieujawnione,Nieujawnione,Poznań,Permanent,justjoinit
"It Specialist, Application Management, Cargolink",DSV ISS,"Transport Management Systems, SQL, TMS",Nieujawnione,Nieujawnione,Nieujawnione,Warszawa,Permanent,justjoinit
PEGA Lead System Architect,Nordea,"English, Architecture, PEGA",Nieujawnione,Nieujawnione,Nieujawnione,Warszawa,Permanent,justjoinit
(Senior) Java Software Engineer,InPost,"Fully remote, Kafka/RabbitMQ, Hibernate, GCP/AWS",Nieujawnione,Nieujawnione,Nieujawnione,Kraków,B2B,justjoinit
Backend Developer - AI Engineering,Text SA,"Fully remote, Golang, Elasticsearch, Node.js",21 000,33 000,pln,Warszawa,B2B,justjoinit
DataOps Engineer,7N,"Fully remote, Airflow, Apache Spark, Python",26 880,31 920,pln,Gdańsk,B2B,justjoinit
Cobol Developer,Decerto,"Fully remote, IBM DB2, Cobol, SQL",16 800,21 840,pln,Warszawa,B2B,justjoinit
Senior Frontend Engineer (React/Vue),Upside,"React, Vue.js, GraphQL",20 800,25 900,pln,Kraków,B2B,justjoinit
Pyspark Developer,Link Group,"Fully remote, Data, Apache Spark, PySpark",18 480,21 840,pln,Warszawa,B2B,justjoinit
Integration Developer (TIBCO BA),Link Group,"Fully remote, Tibco, Python/Java, Test Automation",16 800,20 160,pln,Warszawa,B2B,justjoinit
Site Reliability Engineer,Kevin Edward,"test engineering, Splunk, SpringBoot",Nieujawnione,Nieujawnione,Nieujawnione,Warszawa,B2B,justjoinit
SAP BTP Architect,Team Up,"Fully remote, SAP, Architecture, SAP Fiori",28 000,30 000,pln,Warszawa,B2B,justjoinit
Senior Golang Developer,Devopsbay,"Fully remote, Go, AWS, NoSQL",25 000,34 000,pln,Sopot,B2B,justjoinit
Machine Translation Product Owner,Samsung R&D Institute Poland,"MS Excel, ITIL, Lean",Nieujawnione,Nieujawnione,Nieujawnione,Warszawa,Permanent,justjoinit
"Data Scientist, Product Analytics",BOLD PL,"Fully remote, English, SQL, A/B testing",13 500,15 500,pln,Warszawa,Permanent,justjoinit
Fullstack Developer JavaScript & Python,PKO BP Finat,"JavaScript, Python 3.2, pytest",Nieujawnione,Nieujawnione,Nieujawnione,Warszawa,B2B,justjoinit
Senior Full-Stack Engineer,Clarksons,"Fully remote, .NET C#, .NET Core, ASP.NET",24 000,27 000,pln,Poznań,B2B,justjoinit
Database-Ops Engineer/Developer,Team Up,"Python, Terraform, Go",Nieujawnione,Nieujawnione,Nieujawnione,Warszawa,Permanent,justjoinit
Data Engineer,7N,"Fully remote, Python, Data Lake, Darabricks",26 880,33 600,pln,Gdańsk,B2B,justjoinit
Senior Python Developer,BlockWise,"Fully remote, Python",18 000,32 000,pln,Warszawa,B2B,justjoinit
Architekt Korporacyjny,Benefit Systems SA,"Fully remote, Jira, UML, Git",Nieujawnione,Nieujawnione,Nieujawnione,Warszawa,"B2B, Permanent",justjoinit
PHP Developer,Loyalty Starter,"Fully remote, JS, HTML, PHP",13 000,16 000,pln,Poznań,B2B,justjoinit
Support Konsultant SAP APO,NESC,"Fully remote, SAP APO, SAP APO SNP, PP/DS",42 717,51 260,pln,Gdańsk,B2B,justjoinit
Application QA Engineer,People More P.S.A.,"Windows, fiddler, OpenWrt",12 000,23 000,pln,Warszawa,B2B,justjoinit
.NET Developer (mid-level),Blue Water Shipping,".NET C#, Data Integration, Azure",10 000,16 000,pln,Gdańsk,Permanent,justjoinit
Senior .NET Developer,Blue Water Shipping,"Azure, .NET C#, Data Integration",16 000,23 000,pln,Gdańsk,Permanent,justjoinit
.NET Developer,SCALO,".Net, Kubernetes, Docker",18 480,21 840,pln,Łódź,B2B,justjoinit
Backup & Storage Senior Technical Admin,LetzCode,"Offline Storage, Networking, Troubleshooting",42 250,46 750,pln,Luxembourg,B2B,justjoinit
Senior Delphi Developer,People More P.S.A.,"Delphi, FMX, English",21 000,28 000,pln,Warszawa,B2B,justjoinit
Flutter Developer,Pebble Invest s.r.o.,"Fully remote, Flutter, Gherkin, Navigator 2.0",Nieujawnione,Nieujawnione,Nieujawnione,Zdalnie,Permanent,justjoinit
Senior Backend Engineer,LeoVegas,"Communication, Spingboot, Microservices",27 000,32 000,pln,Warszawa,"B2B, Permanent",justjoinit
"Specjalista ds. analiz i kalkulacji projektów sprzedażowych (m/k/x*, branża transportowa)",Raben Management Services,"PL/SQL, Qlik, BI",Nieujawnione,Nieujawnione,Nieujawnione,Robakowo,Permanent,justjoinit
Consultant PP (Manufacturing & Supply Chain Planning),Link Group,"Fully remote, SAP, SAP SD, SAP S/4HANA",26 000,30 000,pln,Warszawa,Permanent,justjoinit
"HRIS Specialist (SAP SuccessFactors, m/w/x*)",Raben Management Services,"SAP Success Factors, Key User",Nieujawnione,Nieujawnione,Nieujawnione,Robakowo,Permanent,justjoinit
Power BI Developer,ANTYKWARIAT I KSIĘGARNIA TEZEUSZ,"Power BI, Azure, Power Query",Nieujawnione,Nieujawnione,Nieujawnione,Kraków,B2B,justjoinit
Android Developer (Kotlin),Experis Manpower Group,"Fully remote, Kotlin, Android",21 840,25 200,pln,Łódź,B2B,justjoinit
Data Warehouse Administrator,ANTYKWARIAT I KSIĘGARNIA TEZEUSZ,"Data Warehouse, ETL, data governance",Nieujawnione,Nieujawnione,Nieujawnione,Kraków,B2B,justjoinit
DevOps Engineer,Eviden,"Fully remote, IaC, Kubernetes, CI/CD",Nieujawnione,Nieujawnione,Nieujawnione,Wrocław,Permanent,justjoinit
Senior QA Automation Engineer,Yard Corporate,"Fully remote, Python, REST API, pytest",32 768,49 152,pln,Warszawa,B2B,justjoinit
ITIL Service Delivery Manager with German,Eviden,"Fully remote, ITIL",Nieujawnione,Nieujawnione,Nieujawnione,Wrocław,Permanent,justjoinit
ServiceNow Developer,Experis Manpower Group,"Fully remote, ServiceNow, JavaScript",28 560,33 600,pln,Warszawa,B2B,justjoinit
Senior/Lead Software Engineer,Yard Corporate,"Fully remote, Kafka, Java, Spring Boot",40 960,57 344,pln,Kraków,B2B,justjoinit
ETL Developer,ANTYKWARIAT I KSIĘGARNIA TEZEUSZ,"ETL, Databricks, MySQL",Nieujawnione,Nieujawnione,Nieujawnione,Kraków,B2B,justjoinit
"Software Engineer III, Site Reliability Engineering, Google Cloud",Google,"Data Structures, Software Development, Algorithms",Nieujawnione,Nieujawnione,Nieujawnione,Warszawa,Permanent,justjoinit
Entry Embedded Developer,Emerson Process Management sp. z o. o.,"C, C++",7 000,14 000,pln,Warszawa,Permanent,justjoinit
Senior Full Stack Developer,Emerson Process Management sp. z o. o.,".Net, Angular, C#",15 000,25 000,pln,Warszawa,Permanent,justjoinit
Embedded Software Developer,Embevity Sp. z o.o.,"Embedded Systems, Jira, C",9 000,14 500,pln,Gliwice,Permanent,justjoinit
Database Operations Engineer,Yard Corporate,"Databases, Terraform, Python",30 000,40 000,pln,Warszawa,Permanent,justjoinit
Online Banking Application Support Specialist,Eviden,"Fully remote, Kusto",Nieujawnione,Nieujawnione,Nieujawnione,Wrocław,Permanent,justjoinit
DataOps Engineer,Decerto,"Fully remote, SQL, Databricks, DevOps",24 000,32 000,pln,Warszawa,B2B,justjoinit
Flutter Developer,CrustLab,"Fully remote, Flutter, iOS SDK, Dart",14 000,17 600,pln,Kraków,B2B,justjoinit
Fullstack .Net Developer,Decerto,"Fully remote, UI, JavaScript, React",24 000,32 000,pln,Warszawa,B2B,justjoinit
Informatyk - Specjalista Wsparcia IT,HNS Systems Sp. Z o.o.,"Microsoft Office, Windows Server, RDP",Nieujawnione,Nieujawnione,Nieujawnione,Warszawa,"Permanent, B2B",justjoinit
Informatyk - Specjalista Wsparcia IT,HNS Systems Sp. Z o.o.,"Active Directory, RDP, Windows Server",Nieujawnione,Nieujawnione,Nieujawnione,Warszawa,"Permanent, B2B",justjoinit
Kierownik Zespołu Helpdesk,HNS Systems Sp. Z o.o.,"Microsoft Office, VPN, Wlan",Nieujawnione,Nieujawnione,Nieujawnione,Warszawa,"Permanent, B2B",justjoinit
Kierownik Zespołu Helpdesk,HNS Systems Sp. Z o.o.,"Wlan, VPN, Active Directory",Nieujawnione,Nieujawnione,Nieujawnione,Warszawa,"Permanent, B2B",justjoinit
Cyber Threat Intelligence Analyst,Motorola Solutions,"Security, Cyber threat intelligence",13 000,21 000,pln,Kraków,Permanent,justjoinit
Web Developer (Wordpress/Woocommerce Developer),Casa Dinero,"WooCommerce, HTML, WordPress",4 400,6 500,pln,Lublin,"Mandate, B2B",justjoinit
Web Developer (Wordpress/Woocommerce Developer),Casa Dinero,"WooCommerce, WordPress, HTML",4 400,6 500,pln,Lublin,"B2B, Mandate",justjoinit
Web Developer (Wordpress/Woocommerce Developer),Casa Dinero,"WooCommerce, HTML, WordPress",4 400,6 500,pln,Lublin,"Mandate, B2B",justjoinit
Mid React Developer,The Codest,"React, TypeScript, .Net",14 000,15 000,pln,Warszawa,B2B,justjoinit
Web Developer (Wordpress/Woocommerce Developer),Casa Dinero,"WooCommerce, HTML, WordPress",4 400,6 500,pln,Lublin,"Mandate, B2B",justjoinit
Lead .NET Developer,7N,".Net, Microservices, REST",17 000,20 000,pln,Warszawa,Permanent,justjoinit
Power Platform Governance Architect,AVENGA,"Architecture, Power Platform, Enterprise Architect, Product development",26 880,33 600,pln,Zdalnie,B2B,nofluffjobs
Platform Engineer,Ringier Axel Springer Tech,"Fullstack, Java, AWS, Microservices",11 700,19 600,pln,Kraków,B2B,nofluffjobs
Python Engineer,Adaptiq,"Backend, Python, Elasticsearch, MongoDB",24 576,26 624,pln,Zdalnie,B2B,nofluffjobs
Senior C++ Windows Engineer,Adaptiq,"Security, C++, Windows, C",27 852,28 672,pln,Zdalnie,B2B,nofluffjobs
Radca Prawny / Prawnik In-house (m/k),Imar Service Group,"Prawo, polski, angielski",15 000,20 000,pln,Warszawa,B2B,nofluffjobs
Fullstack JS Developer (Angular + Node.js),NEXAI Sp. z o.o.,"Fullstack, JavaScript, TypeScript, Angular",15 000,20 000,pln,Zdalnie,B2B,nofluffjobs
Cloud Engineer,Bamboo Health Sp. z o.o.,"DevOps, Cloud, Security, Cloud platform",15 340,18 170,pln,Zdalnie,B2B,nofluffjobs
Senior Android Developer,Adaptiq,"Mobile, Android, Kotlin, Java",24 576,26 624,pln,Zdalnie,B2B,nofluffjobs
Remote Senior C# Developer,blue veery GmbH,"Backend, .NET, DevOps, ERP",20 000,22 000,pln,Zdalnie,B2B,nofluffjobs
Senior React Engineer (with Next.js experience),N-iX,"Frontend, React, Next.js, TDD",22 528,24 576,pln,Zdalnie,B2B,nofluffjobs
Konsultant DS. Integracji danych/ETL,NewDataLabS,"Data, SQL, angielski, polski",12 000,15 000,pln,Wrocław,B2B,nofluffjobs
Senior Frontend Engineer,Justpoint,"Frontend, React, Rwd, HTML",22 528,26 624,pln,Zdalnie,B2B,nofluffjobs
.NET Core Cloud Engineer (CommandCental Drive),Motorola Solutions Systems Polska,"Backend, .NET, Cloud, C#",15 000,18 000,pln,Kraków,UoP,nofluffjobs
Software Quality Assurance Engineer (Java/JS/TS and Playwright),Motorola Solutions Systems Polska,"Testing, Java, angielski",12 000,18 000,pln,Kraków,UoP,nofluffjobs
C# Software Engineer,Motorola Solutions Systems Polska,"Backend, C#, angielski",12 000,18 000,pln,Kraków,UoP,nofluffjobs
Software Engineer Angular/Java,Information Engineering Inc - SA - Oddział w Polsce,"Fullstack, Angular, TypeScript, Java",Nieujawnione,Nieujawnione,Nieujawnione,Kraków,Nieujawnione,nofluffjobs
QA Engineer,Stape,"Testing, JavaScript, QA Engineer, API",6 144,12 288,pln,Zdalnie,B2B,nofluffjobs
Backend Developer,Welltech,"Backend, Python, Boost, AWS Lambda",Nieujawnione,Nieujawnione,Nieujawnione,Zdalnie,Nieujawnione,nofluffjobs
Mobile QA Engineer with Appium,Spyrosoft,"Testing, Appium, Test automation, iOS",9 250,14 800,pln,Zdalnie,B2B,nofluffjobs
Cobol Developer,AVENGA,"Backend, Mainframe, IBM, COBOL",20 160,26 880,pln,Zdalnie,B2B,nofluffjobs
Head of Delivery,SPACE IT Sp. z o.o.,"PM, GRC, SDLC, Communication skills",20 480,32 768,pln,Warszawa,B2B,nofluffjobs
Software Development Engineer in Test (JavaScript/TypeScript),Trinetix Inc.,"Automatyka, JavaScript, TypeScript, Playwrite",4 915,9 011,pln,Zdalnie,B2B,nofluffjobs
Software Developer in Test,Avenga,"Testing, Java, Microservices, BDD",26 880,33 600,pln,Zdalnie,B2B,nofluffjobs
"Sr Backend Developer with Golang (US, eCatholic)",From Poland With Dev,"Backend, Golang, Go, SQL",19 320,27 720,pln,Zdalnie,B2B,nofluffjobs
Senior Frontend Developer,Mindbox S.A.,"Frontend, Angular, JavaScript, TypeScript",23 100,32 550,pln,Kraków,B2B,nofluffjobs
Główna Księgowa / Główny Księgowy,Talent Partners,"Finanse, Excel, MS Office, CIT",Nieujawnione,Nieujawnione,Nieujawnione,Łódź,Nieujawnione,nofluffjobs
Remote C#/.NET Core Backend Developer,Webchefs Software Company,"Backend, .NET, C#, MS SQL",13 440,21 840,pln,Zdalnie,B2B,nofluffjobs
Senior Python Engineer,N-iX,"Backend, Python, REST, SQL",20 480,22 528,pln,Zdalnie,B2B,nofluffjobs
UX/UI Designer,Oponeo.pl S.A.,"Axure, CSS, Adobe XD",Nieujawnione,Nieujawnione,Nieujawnione,Bydgoszcz,B2B,rocketjobs
Junior Customer Success Specialist (upsell&churn prevention),ZnanyLekarz,"Zdalnie, sprzedaż, obsługa klienta",5 200,7 200,pln,Warszawa,UoP,rocketjobs
Office Manager,EAP24,"Zdalnie, administracja, Microsoft Office",7 000,8 000,pln,Warszawa,B2B,rocketjobs
Operations Manager,Lite e-Commerce,"Microsoft Office Excel, Analiza Danych, doradztwo strategiczne",Nieujawnione,Nieujawnione,Nieujawnione,Warszawa,B2B,rocketjobs
Credit Risk Senior Model Developer,ING Hubs Poland,"IRB, R language, Python",Nieujawnione,Nieujawnione,Nieujawnione,Warszawa,UoP,rocketjobs
Credit Risk Junior Model Developer,ING Hubs Poland,"English, Analytical skills",Nieujawnione,Nieujawnione,Nieujawnione,Warszawa,UoP,rocketjobs
Deutschsprachige Kundenbetreuung für eine Luxusmarke 🌟,Concentrix CVG International,"Zdalnie, German, customer service",Nieujawnione,Nieujawnione,Nieujawnione,Katowice,UoP,rocketjobs
Specjalista ds. Zakupów,RISER SPÓŁKA Z OGRANICZONĄ ODPOWIEDZIALNOŚCIĄ,"negocjacje, Zakupy, Microsoft Office",Nieujawnione,Nieujawnione,Nieujawnione,Jaworzno,UoP,rocketjobs
Full-Stack Developer,Rhapsody,"React, voice AI platforms, TypeScript",Nieujawnione,Nieujawnione,Nieujawnione,Warszawa,Dowolna,rocketjobs
Lekarz Kardiolog klinika Kielce,PROWORK.PL,"kardiolog, prawo wykonywania zawodu lekarza",Nieujawnione,Nieujawnione,Nieujawnione,Kielce,UoP,rocketjobs
Lekarz Internista praca klinika Sanok,PROWORK.PL,"prawo wykonywania zawodu lekarza, lekarz internista",Nieujawnione,Nieujawnione,Nieujawnione,Sanok,"B2B, UoP",rocketjobs
New Business Project Manager,WebTalk,"digital marketing, social media",7 000,9 000,pln,Warszawa,Dowolna,rocketjobs
Expert SEO,CarFree Spółka Z Ograniczoną Odpowiedzialnością,"język angielski, SEO, pozycjonowanie",10 000,14 000,pln,Warszawa,"B2B, UoP",rocketjobs
Social Media Senior Specialist,Smart Aging Clinic Sp. z o.o.,"copywriting, Canva, Google Ads",5 000,8 000,pln,Warszawa,"B2B, UZ",rocketjobs
Marketing Automation & Email Specialist,Oferteo.pl,"analiza, e-mail marketing, Google Analytics",9 900,13 200,pln,Wrocław,"B2B, UoP",rocketjobs
Poszukiwany! Rzetelny specjalista do nawiązywania kontaktów biznesowych,NoBlue,"Zdalnie, skuteczna komunikacja, język angielski, obsługa klienta",3 500,5 000,pln,Łódź,UoP,rocketjobs
Koordynator ds. Projektów Edukacyjnych,Centrum Nauki i Biznesu Żak,"pedagogika, zarządzanie projektami, project management",Nieujawnione,Nieujawnione,Nieujawnione,Piła,UoP,rocketjobs
Google Ads Specialist,Monsoon Sp. z.o.o.,"Zdalnie, Google Ads, język angielski, Analiza Danych",7 000,10 000,pln,Poznań,B2B,rocketjobs
Specjalista ds. E-commerce,Bea Beleza Polska Sp. k.,"SEO, HTML, Allegro",Nieujawnione,Nieujawnione,Nieujawnione,Poznań,UoP,rocketjobs
Koordynator działu Social Media,Bea Beleza Polska Sp. k.,"Meta Business Manager, Meta Business Suite, Asana",Nieujawnione,Nieujawnione,Nieujawnione,Poznań,UoP,rocketjobs
"Data Scientist, Product Analytics",BOLD PL,"Zdalnie, English, SQL, A/B testing",13 500,15 500,pln,Warszawa,UoP,rocketjobs
Koordynator działu Social Media,Bea Beleza Polska Sp. k.,"zarządzanie zespołem, zarządzanie projektami, Trello",Nieujawnione,Nieujawnione,Nieujawnione,Poznań,UoP,rocketjobs
Payment Process Specialist with Blockchain,Kanga,"Zdolności analityczne, blockchain, kryptowaluty",7 500,12 000,pln,Gdańsk,"B2B, UZ",rocketjobs
Influencer Manager,Bea Beleza Polska Sp. k.,"analityczne myślenie, negocjacje, influencer marketing",Nieujawnione,Nieujawnione,Nieujawnione,Poznań,UoP,rocketjobs
Junior Account (Opiekun Klienta B2B) - Asystent Zespołu Wsparcia Sprzedaży,Big Four Group | bfagencja,"B2B, Microsoft Office Excel, Microsoft Office PowerPoint",5 500,6 500,pln,Warszawa,"UZ, B2B",rocketjobs
SEO Lead (Programmatic SEO),BOLD PL,"Zdalnie, English, SEO A/B testing, SEO analytics skills",13 000,16 000,pln,Warszawa,UoP,rocketjobs
Dyrektor Zarządzający Zakładem Produkcji Wyrobów Precyzyjnych (tytan i metal),SALES HR,zarządzanie,Nieujawnione,Nieujawnione,Nieujawnione,Warszawa,B2B,rocketjobs
Młodszy/-a Specjalista/-ka ds. Rozwoju Biznesu,manaHR,"dobra organizacja pracy, doradztwo, sprzedaż",4 900,5 200,pln,Kraków,UoP,rocketjobs
Senior Sales Manager Influencer Marketing,Rokmates Sp. z o.o.,"newbiz, marketing, sprzedaż",7 000,12 000,pln,Warszawa,B2B,rocketjobs
Tax Specialist,Cyclad,"Zdalnie, podatki, język angielski, prawo podatkowe",15 000,18 000,pln,Kraków,UoP,rocketjobs
AP Accountant with German,Cyclad,"SAP, Microsoft Office Excel, ap",12 000,14 000,pln,Warszawa,UoP,rocketjobs
GL Accountant with English,Cyclad,"księgowość, język angielski, Microsoft Office Excel",16 000,17 000,pln,Warszawa,UoP,rocketjobs
Customer service specialist in the automotive industry with English,Concentrix CVG International,"English, customer service",Nieujawnione,Nieujawnione,Nieujawnione,Katowice,UZ,rocketjobs
Junior Content Creator,Innovation Software,content marketing,5 000,6 000,pln,Wrocław,UZ,rocketjobs
Magazynier w obszarze Chłodni,DOZ S.A.,"magazyn, komunikatywność, Procesy magazynowe",Nieujawnione,Nieujawnione,Nieujawnione,Łódź,UoP,rocketjobs
Pracownik Komory Przeładunkowej,DOZ S.A.,"transport, DPD, dokumentacja techniczna",Nieujawnione,Nieujawnione,Nieujawnione,Siemianowice Śląskie,UoP,rocketjobs
Asystent Działu HR z językiem ukraińskim,DOZ S.A.,"język ukraiński, HR, miękki hr",Nieujawnione,Nieujawnione,Nieujawnione,Łódź,UZ,rocketjobs
SMM Manager,SIA SEOBROTHERS,"Figma, smm",5 126,7 689,pln,Warszawa,UoP,rocketjobs
Senior Account Executive (digital),Dentsu Polska,"Harmonogramy, obsługa klienta, brief",Nieujawnione,Nieujawnione,Nieujawnione,Warszawa,UoP,rocketjobs
Specjalista ds. Email Marketingu,Symfonia,"HTML/CSS, marketing automation, umiejętności graficzne",Nieujawnione,Nieujawnione,Nieujawnione,Warszawa,"UoP, B2B",rocketjobs
Specjalista ds. Budżetowania HR,Grupa PZU,"budżetowanie, analiza, MS Excel",Nieujawnione,Nieujawnione,Nieujawnione,Warszawa,UoP,rocketjobs
Customer Service Representative with German,Cyclad,customer service,Nieujawnione,Nieujawnione,Nieujawnione,Warszawa,UoP,rocketjobs
Social Media Manager,ENYO,"content marketing, TikTok, Instagram",Nieujawnione,Nieujawnione,Nieujawnione,Warszawa,Dowolna,rocketjobs
Dziennikarz / Dziennikarka w dziale Lifestyle (Fakt),Ringier Axel Springer Polska,SEO,Nieujawnione,Nieujawnione,Nieujawnione,Warszawa,UoP,rocketjobs
Przedstawicielka / Przedstawiciel Techniczno-Handlowy ds. Inwestycji,Holcim Polska,"sprzedaż, budownictwo, Handel",Nieujawnione,Nieujawnione,Nieujawnione,Kraków,UoP,rocketjobs
Inżynierka / Inżynier projektu,Holcim Polska,"automatyka, AutoCAD, Microsoft Office",Nieujawnione,Nieujawnione,Nieujawnione,Piechcin,UoP,rocketjobs
Inżynier Górnik / Inżynierka Górniczka,Holcim Polska,"prawo jazdy kat. B, Microsoft Office, górnictwo",Nieujawnione,Nieujawnione,Nieujawnione,Sulików,UoP,rocketjobs
Customer Success Specialist,Dietly,"Zdalnie, obsługa klienta, komunikatywność, otwartość",Nieujawnione,Nieujawnione,Nieujawnione,Gdańsk,UZ,rocketjobs
SEO writer,SIA SEOBROTHERS,"Zdalnie, copywriting, marketing, SEO",6 408,7 689,pln,Wrocław,UoP,rocketjobs
Pracownik kuźni,GRH Group,"kucie i formowanie części, obsługa młota udarowego, gratowanie odkuwek matrycowych",12 388,14 951,pln,Großenhain,UoP,rocketjobs
Blacharz samochodowy,GRH Group,"Motoryzacja, naprawa samochodów, praca na warsztacie",11 534,11 961,pln,Heilbronn,UoP,rocketjobs
👩‍💼 Project Manager 👨‍💼,MTA Digital,"Zdalnie, język angielski, komunikacja z klientem, język polski",9 000,11 500,pln,Gdańsk,B2B,rocketjobs
Social Media Content Manager,Eteria Consulting,"social media, Chat GPT, copywriting",6 000,9 000,pln,Warszawa,B2B,rocketjobs
Social Media Content Manager,Eteria Consulting,"Canva, copywriting, social media",6 000,9 000,pln,Warszawa,B2B,rocketjobs
CRM & Marketing Automation Specialist,Useme,"Zdalnie, email marketing, marketing automation, CRM",8 000,10 000,pln,Wrocław,UoP,rocketjobs
Tapicer,GRH Group,"sprawność manualna, umiejętność tapicerowania, język niemiecki",8 971,10 679,pln,Augsburg,UoP,rocketjobs
Portier 3/4 etatu,Uniwersytet im. Adama Mickiewicza w Poznaniu,dyspozycyjność,Nieujawnione,Nieujawnione,Nieujawnione,Piła,UoP,rocketjobs
Starszy Programista PLC,Nomad Electric,"Zdalnie, obsługa protokołów komunikacyjnych, Modbus TCP, Beckhoff",Nieujawnione,Nieujawnione,Nieujawnione,Warszawa,"B2B, UoP",rocketjobs
Creative Strategist,albo albo,"marketing, digital marketing, reklama",11 000,14 000,pln,Warszawa,"UoP, B2B",rocketjobs
Quantitative Analyst - Model Validation Market Risk (Trading),ING Hubs Poland,"Financial derivatives, financial products, Knowledge of market risk models",Nieujawnione,Nieujawnione,Nieujawnione,Warszawa,UoP,rocketjobs
Zaopatrzeniowiec,GRH Group,"Zakupy, język angielski B2, Microsoft Office",Nieujawnione,Nieujawnione,Nieujawnione,Dębica,UoP,rocketjobs
Zaopatrzeniowiec,GRH Group,"Zakupy, prawo jazdy kat. B, ERP",Nieujawnione,Nieujawnione,Nieujawnione,Dębica,UoP,rocketjobs
Zaopatrzeniowiec,GRH Group,"język angielski B2, Microsoft Office, zaopatrzenie",Nieujawnione,Nieujawnione,Nieujawnione,Dębica,UoP,rocketjobs
Specjalista ds. sprzedaży na rynek Polski,GRH Group,"negocjacje, sprzedaż, prawo jazdy kat. B",5 400,6 000,pln,Bielsk Podlaski,UoP,rocketjobs
Graphic Designer / Multimedia Designer,IFIRMA S.A.,"Adobe After Effects, animacja, Adobe Photoshop",8 000,14 000,pln,Wrocław,"B2B, UoP",rocketjobs
Młodszy automatyk,A1 Sorter sp. z o.o.,"automatyka, elektrotechnika, elektryka",6 500,9 500,pln,Chojnice,UoP,rocketjobs
Młodszy automatyk,A1 Sorter sp. z o.o.,"dokumentacja techniczna, automatyka, elektryka",6 500,9 500,pln,Chojnice,UoP,rocketjobs
Account-based Marketing Manager,Text,"events, nurturing campaigns, HubSpot",15 000,20 000,pln,Wrocław,B2B,rocketjobs
Specjalista ds. zapewnienia jakości,"WSK ""PZL-Świdnik"" S.A.","Jakość, MS Office, lotnictwo",Nieujawnione,Nieujawnione,Nieujawnione,Świdnik,UoP,rocketjobs
Product Designer,Rhapsody,"motion design and video editing, Figma, Visual design skills",Nieujawnione,Nieujawnione,Nieujawnione,Warszawa,Dowolna,rocketjobs
Analityk/BI - twórca interaktywnych raportów,Simpliteca.com,"Zdalnie, analityka, Google Analytics, Google Ads",4 000,10 000,pln,Warszawa,Dowolna,rocketjobs
Specjalista / Specjalistka ds. Pozyskiwania Przewoźników - Handlowiec (m/k/x*),Raben Transport Sp. z o.o,"sprzedaż, negocjacje",Nieujawnione,Nieujawnione,Nieujawnione,Ruda Śląska,UoP,rocketjobs
Operator Wózka Widłowego - wolne weekendy,Level Work,"wózki widłowe, uprawnienia UDT na wózki widłowe, UDT",5 000,6 500,pln,Kielce,UoP,rocketjobs
Specjalista Social Media z Norweskim,Nakatomi LLC,"Zdalnie, Facebook Ads, Język Norweski, Google Analytics",8 000,11 000,pln,Gdańsk,B2B,rocketjobs
Doradca Klienta Korporacyjnego (SMALL) - Wrocław,Alior Bank SA,"sprzedaż B2B, analiza finansowa, bankowość",Nieujawnione,Nieujawnione,Nieujawnione,Wrocław,UoP,rocketjobs
Doradca Klienta Korporacyjnego MID,Alior Bank SA,"analiza finansowa, bankowość, sprzedaż B2B",Nieujawnione,Nieujawnione,Nieujawnione,Kraków,UoP,rocketjobs
Doradca Klienta Korporacyjnego (SMALL) - Gdańsk,Alior Bank SA,"analiza finansowa, bankowość, sprzedaż B2B",Nieujawnione,Nieujawnione,Nieujawnione,Gdańsk,UoP,rocketjobs
Starszy Doradca Klienta Korporacyjnego (SMALL) - Łódź,Alior Bank SA,"sprzedaż B2B, analiza finansowa, bankowość",Nieujawnione,Nieujawnione,Nieujawnione,Łódź,UoP,rocketjobs
Technical Product Owner,Verestro SA,"język angielski, samodzielność, odpowiedzialność",8 000,16 000,pln,Lublin,"UoP, B2B",rocketjobs
Elektromechanik,Personis Solution Sp. z o.o.,"mechanika, elektronika, automatyka",Nieujawnione,Nieujawnione,Nieujawnione,Legionowo,UoP,rocketjobs
Elektryk/elektromechanik z językiem niemieckim,DCG,"elektryka, język niemiecki",16 800,18 480,pln,Marktzeuln,UoP,rocketjobs
Specjalista ds. wycen (branża kubaturowa),NDI,"Microsoft Office Excel, Norma Expert, AutoCAD",Nieujawnione,Nieujawnione,Nieujawnione,Sopot,UoP,rocketjobs
Starszy specjalista ds. kosztorysowania i wycen (branża mostowa),NDI,"Microsoft Office, Norma, przygotowywanie kosztorysów",Nieujawnione,Nieujawnione,Nieujawnione,Sopot,UoP,rocketjobs
Business Development Manager,Leyton Poland sp. z o.o.,"analiza, język angielski, sprzedaż B2B",Nieujawnione,Nieujawnione,Nieujawnione,Warszawa,UoP,rocketjobs
Product Manager,DCG,"język angielski, Microsoft Office Excel, zarządzanie produktem pożyczkowym",Nieujawnione,Nieujawnione,Nieujawnione,Warszawa,"UoP, B2B",rocketjobs
Marketing Analytics Specialist,Full Stack Experts,"Zdalnie, Google Tag Manager, Looker Studio, język angielski",7 740,12 340,pln,Łódź,"B2B, UoP",rocketjobs
Specjalista ds. Marki,Dr. Max,"marketing offline, Microsoft Office Excel, POS",Nieujawnione,Nieujawnione,Nieujawnione,Wrocław,UoP,rocketjobs
Senior Graphic Designer,Assembly Digital Commerce,"Zdalnie, adobe, English, e-commerce",Nieujawnione,Nieujawnione,Nieujawnione,Warszawa,"B2B, UoP",rocketjobs
Elektronik - Dąbrowa Górnicza,Arcelor Mittal Poland,"elektronika, SEP",Nieujawnione,Nieujawnione,Nieujawnione,Dąbrowa Górnicza,UoP,rocketjobs
Elektryk konserwator suwnic - Dąbrowa Górnicza,Arcelor Mittal Poland,"SEP, elektryka",Nieujawnione,Nieujawnione,Nieujawnione,Dąbrowa Górnicza,UoP,rocketjobs
Elektryk Utrzymania Ruchu - Dąbrowa Górnicza,Arcelor Mittal Poland,"SEP, elektryka",Nieujawnione,Nieujawnione,Nieujawnione,Dąbrowa Górnicza,UoP,rocketjobs
Elektryk w Zakładzie Energetycznym,Arcelor Mittal Poland,"prawo jazdy kat. B, elektryka",Nieujawnione,Nieujawnione,Nieujawnione,Dąbrowa Górnicza,UoP,rocketjobs
Ślusarz - Dąbrowa Górnicza,Arcelor Mittal Poland,"rysunek techniczny, ślusarstwo",Nieujawnione,Nieujawnione,Nieujawnione,Dąbrowa Górnicza,UoP,rocketjobs
Sprzedawca/Kierowca w Cateringu,Głodny Niedźwiedź,"język polski, prawo jazdy kat. B",5 000,9 000,pln,Trójmiasto,"B2B, UZ",rocketjobs
Specjalista ds. sprzedaży/ Konsultant medyczny,Meditravel.pl,"Zdalnie, sprzedaż, Microsoft Office Excel, obsługa klienta",5 000,15 000,pln,Gdańsk,UZ,rocketjobs
Starszy konsultant podatkowy,Tias,"Zdalnie, doradztwo, doradztwo podatkowe, język angielski",Nieujawnione,Nieujawnione,Nieujawnione,Warszawa,UoP,rocketjobs
Młodszy Specjalista ds. Jakości,Mostostal Kraków S.A.,"prawo jazdy kat. B, Microsoft Office, rysunek techniczny",Nieujawnione,Nieujawnione,Nieujawnione,Kraków,UoP,rocketjobs
Młodsza księgowa / Młodszy księgowy,Tias,"finanse, rachunkowość, przepisy podatkowe",Nieujawnione,Nieujawnione,Nieujawnione,Wrocław,UoP,rocketjobs
Księgowa / Księgowy,Tias,"język angielski, ekonomia, księgowość",Nieujawnione,Nieujawnione,Nieujawnione,Wrocław,UoP,rocketjobs
Brand Manager,Tias,"Asana, media społecznościowe, Zarządzanie marką",Nieujawnione,Nieujawnione,Nieujawnione,Wrocław,UoP,rocketjobs
